사용월,호선명,역ID,지하철역,승차승객수,하차승객수
Dec-21,1호선,1,서울역,1182429,1142388
Dec-21,1호선,10,동묘앞,235271,242269
Dec-21,1호선,2,시청,570037,569533
Dec-21,1호선,3,종각,872179,849374
Dec-21,1호선,4,종로3가,657289,609809
Dec-21,1호선,5,종로5가,579293,573290
Dec-21,1호선,6,동대문,308782,289581
Dec-21,1호선,7,신설동,362626,352755
Dec-21,1호선,8,제기동,444099,450380
Dec-21,1호선,9,청량리(서울시립대입구),531577,532913
Dec-21,2호선,11,시청,586669,551102
Dec-21,2호선,12,을지로입구,1069664,1069622
Dec-21,2호선,13,을지로3가,573964,574273
Dec-21,2호선,14,을지로4가,332430,329662
Dec-21,2호선,15,동대문역사문화공원(DDP),335328,378624
Dec-21,2호선,16,신당,373748,390768
Dec-21,2호선,17,상왕십리,382611,371914
Dec-21,2호선,18,왕십리(성동구청),445324,377845
Dec-21,2호선,19,한양대,201984,214468
Dec-21,2호선,20,뚝섬,579942,615139
Dec-21,2호선,21,성수,952644,1035441
Dec-21,2호선,22,건대입구,971147,1044409
Dec-21,2호선,23,구의(광진구청),633120,623857
Dec-21,2호선,24,강변(동서울터미널),837803,811507
Dec-21,2호선,25,잠실나루,365313,353786
Dec-21,2호선,26,잠실(송파구청),1976472,1951450
Dec-21,2호선,27,잠실새내,568629,572497
Dec-21,2호선,28,종합운동장,190465,205625
Dec-21,2호선,29,삼성(무역센터),1421094,1426269
Dec-21,2호선,30,선릉,1408750,1253366
Dec-21,2호선,31,역삼,1282901,1418078
Dec-21,2호선,32,강남,2193108,2171328
Dec-21,2호선,33,교대(법원.검찰청),850812,963218
Dec-21,2호선,34,서초,562101,540271
Dec-21,2호선,35,방배,433544,453420
Dec-21,2호선,36,사당,985932,1083572
Dec-21,2호선,37,낙성대(강감찬),740416,711684
Dec-21,2호선,38,서울대입구(관악구청),1295151,1269936
Dec-21,2호선,39,봉천,635901,588063
Dec-21,2호선,40,신림,1733842,1678357
Dec-21,2호선,41,신대방,711811,691451
Dec-21,2호선,42,구로디지털단지,1569329,1568160
Dec-21,2호선,43,대림(구로구청),645828,660728
Dec-21,2호선,44,신도림,1295645,1286835
Dec-21,2호선,45,문래,554302,568273
Dec-21,2호선,46,영등포구청,604428,614758
Dec-21,2호선,47,당산,483011,559150
Dec-21,2호선,48,합정,856598,908504
Dec-21,2호선,49,홍대입구,1582153,1653083
Dec-21,2호선,50,신촌,895598,911576
Dec-21,2호선,51,이대,352005,368965
Dec-21,2호선,52,아현,272568,263750
Dec-21,2호선,53,충정로(경기대입구),257565,273193
Dec-21,2호선,54,용답,75198,74763
Dec-21,2호선,55,신답,43200,49168
Dec-21,2호선,56,신설동,94598,95228
Dec-21,2호선,57,도림천,36059,37436
Dec-21,2호선,58,양천구청,178707,187617
Dec-21,2호선,59,신정네거리,272809,280985
Dec-21,2호선,60,용두(동대문구청),64691,65756
Dec-21,3호선,61,지축,118314,113190
Dec-21,3호선,62,구파발,553255,529549
Dec-21,3호선,63,연신내,993189,940221
Dec-21,3호선,64,불광,439507,473757
Dec-21,3호선,65,녹번,413188,372529
Dec-21,3호선,66,홍제,458456,436638
Dec-21,3호선,67,무악재,103517,105000
Dec-21,3호선,68,독립문,183034,189079
Dec-21,3호선,69,경복궁(정부서울청사),523387,519767
Dec-21,3호선,70,안국,524011,545557
Dec-21,3호선,71,종로3가,260531,305381
Dec-21,3호선,72,을지로3가,272092,279408
Dec-21,3호선,73,충무로,24,0
Dec-21,3호선,74,동대입구,215682,227134
Dec-21,3호선,75,약수,347451,337937
Dec-21,3호선,76,금호,213681,200626
Dec-21,3호선,77,옥수,237848,248347
Dec-21,3호선,78,압구정,873368,928527
Dec-21,3호선,79,신사,835074,879116
Dec-21,3호선,80,잠원,128056,126053
Dec-21,3호선,81,고속터미널,1200122,1193209
Dec-21,3호선,82,교대(법원.검찰청),356114,229403
Dec-21,3호선,83,남부터미널(예술의전당),770180,791100
Dec-21,3호선,84,양재(서초구청),1006888,1091446
Dec-21,3호선,85,매봉,319685,307686
Dec-21,3호선,86,도곡,137664,139373
Dec-21,3호선,87,대치,275845,275669
Dec-21,3호선,88,학여울,53939,56625
Dec-21,3호선,89,대청,263923,242938
Dec-21,3호선,90,일원,256861,248655
Dec-21,3호선,91,수서,468797,473807
Dec-21,3호선,92,가락시장,233713,228694
Dec-21,3호선,93,경찰병원,190210,189960
Dec-21,3호선,94,오금,162949,146577
Dec-21,4호선,100,수유(강북구청),926640,926047
Dec-21,4호선,101,미아(서울사이버대학),401641,387311
Dec-21,4호선,102,미아사거리,756498,732431
Dec-21,4호선,103,길음,537007,521746
Dec-21,4호선,104,성신여대입구(돈암),555395,533928
Dec-21,4호선,105,한성대입구(삼선교),365937,357600
Dec-21,4호선,106,혜화,898863,907897
Dec-21,4호선,107,동대문,496501,514124
Dec-21,4호선,108,동대문역사문화공원(DDP),413476,378323
Dec-21,4호선,109,충무로,659104,687997
Dec-21,4호선,110,명동,596549,633514
Dec-21,4호선,111,회현(남대문시장),677129,716336
Dec-21,4호선,112,서울역,275548,449808
Dec-21,4호선,113,숙대입구(갈월),345957,337582
Dec-21,4호선,114,삼각지,130595,149640
Dec-21,4호선,115,신용산,438770,463578
Dec-21,4호선,116,이촌(국립중앙박물관),197635,217533
Dec-21,4호선,117,동작(현충원),36942,41333
Dec-21,4호선,118,총신대입구(이수),503278,546511
Dec-21,4호선,119,사당,678194,576674
Dec-21,4호선,120,남태령,33664,28196
Dec-21,4호선,95,당고개,347840,316032
Dec-21,4호선,96,상계,511108,474282
Dec-21,4호선,97,노원,516652,579646
Dec-21,4호선,98,창동,688045,727940
Dec-21,4호선,99,쌍문,795624,728116
Dec-21,경부선,121,서울역,186813,60738
Dec-21,경부선,122,남영,241603,252206
Dec-21,경부선,123,용산,1009129,1023584
Dec-21,경부선,124,노량진,230447,232474
Dec-21,경부선,125,대방,337169,346898
Dec-21,경부선,126,영등포,1113689,1142696
Dec-21,경부선,127,신도림,108210,107996
Dec-21,경부선,151,신길,239544,203510
Dec-21,경부선,250,구로,502792,513597
Dec-21,경부선,251,가산디지털단지,446234,525758
Dec-21,경부선,252,금천구청,318275,315650
Dec-21,경부선,253,석수,260154,232125
Dec-21,경부선,254,관악,197661,182945
Dec-21,경부선,255,안양,620403,617698
Dec-21,경부선,256,명학,234782,230762
Dec-21,경부선,257,금정,708205,721362
Dec-21,경부선,258,군포,200790,198206
Dec-21,경부선,259,의왕,241219,240272
Dec-21,경부선,260,성균관대,381142,376048
Dec-21,경부선,261,화서,208922,202083
Dec-21,경부선,262,수원,1012154,1069110
Dec-21,경부선,263,독산,473313,489585
Dec-21,경부선,264,세류,83335,77259
Dec-21,경부선,265,병점,397451,397807
Dec-21,경부선,266,세마,76127,71194
Dec-21,경부선,267,오산대,94107,86758
Dec-21,경부선,268,오산,278575,275592
Dec-21,경부선,269,진위,44158,38505
Dec-21,경부선,270,송탄,127495,122810
Dec-21,경부선,271,서정리,199924,186695
Dec-21,경부선,272,평택지제,97973,92737
Dec-21,경부선,273,평택,348286,344549
Dec-21,경부선,274,성환,101909,101042
Dec-21,경부선,275,직산,21571,20800
Dec-21,경부선,276,두정,150046,150844
Dec-21,경부선,277,천안,150968,155451
Dec-21,경부선,278,당정,162516,154934
Dec-21,경부선,279,서동탄,38052,34242
Dec-21,경부선,280,광명,94164,81734
Dec-21,경인선,294,개봉,574025,573419
Dec-21,경인선,295,오류동,324621,303355
Dec-21,경인선,296,역곡,727555,717507
Dec-21,경인선,297,부천,896572,903367
Dec-21,경인선,298,송내,705198,702131
Dec-21,경인선,299,부평,825438,886199
Dec-21,경인선,300,백운,187489,184870
Dec-21,경인선,301,동암,403758,409219
Dec-21,경인선,302,주안,517346,464252
Dec-21,경인선,303,제물포,286845,273162
Dec-21,경인선,304,동인천,376989,360097
Dec-21,경인선,305,인천,93887,71773
Dec-21,경인선,306,구일,181867,182982
Dec-21,경인선,307,소사,237539,211441
Dec-21,경인선,308,부개,230492,216239
Dec-21,경인선,309,간석,158483,151149
Dec-21,경인선,310,도원,79206,79765
Dec-21,경인선,311,온수(성공회대입구),180194,171130
Dec-21,경인선,312,중동,250148,236242
Dec-21,경인선,313,도화,113562,105865
Dec-21,경원선,128,이촌(국립중앙박물관),97932,75924
Dec-21,경원선,129,서빙고,54247,51624
Dec-21,경원선,130,한남,108349,104188
Dec-21,경원선,131,옥수,1499,980
Dec-21,경원선,132,응봉,49305,41962
Dec-21,경원선,133,왕십리(성동구청),395191,441170
Dec-21,경원선,134,청량리(서울시립대입구),438638,451553
Dec-21,경원선,136,외대앞,203534,200824
Dec-21,경원선,137,신이문,226676,210301
Dec-21,경원선,138,석계,217862,245910
Dec-21,경원선,139,광운대,213269,207813
Dec-21,경원선,140,월계,182395,171258
Dec-21,경원선,141,녹천,123375,104416
Dec-21,경원선,142,창동,8,0
Dec-21,경원선,359,방학,259698,253974
Dec-21,경원선,360,도봉,160942,155961
Dec-21,경원선,361,도봉산,210194,138186
Dec-21,경원선,362,망월사,203481,207963
Dec-21,경원선,363,회룡,332437,328632
Dec-21,경원선,364,의정부,524002,539472
Dec-21,경원선,365,가능,179345,172764
Dec-21,경원선,366,녹양,123168,116290
Dec-21,경원선,367,양주,208767,196731
Dec-21,경원선,368,덕계,82614,73933
Dec-21,경원선,369,덕정,154704,149888
Dec-21,경원선,370,지행,181135,180196
Dec-21,경원선,371,동두천중앙,85554,83488
Dec-21,경원선,372,보산,46250,42680
Dec-21,경원선,373,동두천,57210,63788
Dec-21,경원선,374,소요산,71271,60324
Dec-21,안산선,281,산본,428705,448671
Dec-21,안산선,282,대야미,134348,120014
Dec-21,안산선,283,반월,116965,111840
Dec-21,안산선,284,상록수,428483,433567
Dec-21,안산선,285,한대앞,251138,252199
Dec-21,안산선,286,중앙,490359,511506
Dec-21,안산선,287,고잔,236563,225058
Dec-21,안산선,288,초지,124325,129200
Dec-21,안산선,289,안산,323508,298263
Dec-21,안산선,290,신길온천,47297,43926
Dec-21,안산선,291,정왕,237873,246522
Dec-21,안산선,292,오이도,231310,227049
Dec-21,안산선,293,수리산,113371,93528
Dec-21,과천선,231,선바위,216040,189896
Dec-21,과천선,232,경마공원,102741,102466
Dec-21,과천선,233,대공원,67285,70120
Dec-21,과천선,234,과천,160149,148835
Dec-21,과천선,235,정부과천청사,275060,272361
Dec-21,과천선,236,인덕원,637443,659199
Dec-21,과천선,237,평촌,460685,454844
Dec-21,과천선,238,범계,703103,693095
Dec-21,분당선,143,선릉,336168,507580
Dec-21,분당선,144,한티,376210,399414
Dec-21,분당선,145,도곡,179536,177664
Dec-21,분당선,146,구룡,54931,52680
Dec-21,분당선,147,개포동,99451,103234
Dec-21,분당선,148,대모산입구,117239,108832
Dec-21,분당선,149,수서,374875,388458
Dec-21,분당선,150,복정,16,0
Dec-21,분당선,314,수원,230286,197596
Dec-21,분당선,315,서울숲,278153,284001
Dec-21,분당선,316,압구정로데오,542480,601345
Dec-21,분당선,317,강남구청,266857,306247
Dec-21,분당선,318,선정릉,202027,215298
Dec-21,분당선,319,가천대,214738,237560
Dec-21,분당선,320,태평,374552,358851
Dec-21,분당선,321,모란,566526,576334
Dec-21,분당선,322,야탑,697932,727657
Dec-21,분당선,323,서현,692569,699704
Dec-21,분당선,324,수내,353429,350640
Dec-21,분당선,325,정자,453786,481973
Dec-21,분당선,326,미금,416343,440137
Dec-21,분당선,327,오리,317265,262657
Dec-21,분당선,328,이매,154282,146716
Dec-21,분당선,329,보정,66043,58078
Dec-21,분당선,330,죽전,368303,405121
Dec-21,분당선,331,구성,134255,141537
Dec-21,분당선,332,신갈,122031,120085
Dec-21,분당선,333,기흥,263016,248515
Dec-21,분당선,334,상갈,144286,139159
Dec-21,분당선,335,청명,114505,109795
Dec-21,분당선,336,영통,235628,236755
Dec-21,분당선,337,망포,387902,366782
Dec-21,분당선,338,매탄권선,137495,131399
Dec-21,분당선,339,수원시청,358750,387600
Dec-21,분당선,340,매교,80767,80884
Dec-21,일산선,375,원흥,285906,269776
Dec-21,일산선,376,지축,11,0
Dec-21,일산선,377,삼송,521515,505974
Dec-21,일산선,378,원당,299605,283078
Dec-21,일산선,379,화정,459556,471798
Dec-21,일산선,380,대곡,50756,40453
Dec-21,일산선,381,백석,270063,270132
Dec-21,일산선,382,마두,198849,204021
Dec-21,일산선,383,정발산,203601,206245
Dec-21,일산선,384,주엽,236676,235662
Dec-21,일산선,385,대화,345942,283621
Dec-21,중앙선,135,회기,666942,640649
Dec-21,중앙선,152,중랑,152322,144204
Dec-21,중앙선,153,상봉(시외버스터미널),160771,159176
Dec-21,중앙선,154,망우,209944,208468
Dec-21,중앙선,155,양원,55024,54520
Dec-21,중앙선,156,구리,365492,370211
Dec-21,중앙선,157,도농,280125,255318
Dec-21,중앙선,158,양정,19042,16247
Dec-21,중앙선,159,덕소,150900,149475
Dec-21,중앙선,160,도심,62970,49793
Dec-21,중앙선,161,팔당,25651,26665
Dec-21,중앙선,162,운길산,19022,17638
Dec-21,중앙선,163,양수,47494,48223
Dec-21,중앙선,164,신원,5350,4718
Dec-21,중앙선,165,국수,19077,18652
Dec-21,중앙선,166,아신,14118,14217
Dec-21,중앙선,167,오빈,7695,7695
Dec-21,중앙선,168,양평,75938,77109
Dec-21,중앙선,169,원덕,9116,8804
Dec-21,중앙선,170,용문,49726,49909
Dec-21,중앙선,171,지평,1659,1809
Dec-21,장항선,224,봉명,30449,29171
Dec-21,장항선,225,쌍용(나사렛대),57232,53202
Dec-21,장항선,226,아산,90473,81818
Dec-21,장항선,227,탕정,10559,9456
Dec-21,장항선,228,배방,28246,27438
Dec-21,장항선,229,온양온천,100098,103181
Dec-21,장항선,230,신창(순천향대),43040,40396
Dec-21,경의선,172,서울역,103552,129411
Dec-21,경의선,173,신촌,20968,25669
Dec-21,경의선,174,효창공원앞,77097,88448
Dec-21,경의선,175,공덕,96432,84054
Dec-21,경의선,176,서강대,57905,56422
Dec-21,경의선,177,홍대입구,49497,58943
Dec-21,경의선,178,가좌,141295,135560
Dec-21,경의선,179,디지털미디어시티,66880,62455
Dec-21,경의선,180,수색,69771,71997
Dec-21,경의선,181,화전,49798,45211
Dec-21,경의선,182,강매,83768,73254
Dec-21,경의선,183,행신,210305,211254
Dec-21,경의선,184,능곡,102039,94675
Dec-21,경의선,185,곡산,15116,15769
Dec-21,경의선,186,백마,181208,174143
Dec-21,경의선,187,풍산,151561,142125
Dec-21,경의선,188,일산,249482,246602
Dec-21,경의선,189,탄현,207308,197830
Dec-21,경의선,190,야당,198578,194203
Dec-21,경의선,191,운정,188038,179252
Dec-21,경의선,192,금릉,131704,127399
Dec-21,경의선,193,금촌,176867,176556
Dec-21,경의선,194,월롱,68248,63819
Dec-21,경의선,195,파주,36106,24636
Dec-21,경의선,196,문산,139396,138478
Dec-21,경의선,197,임진강,536,496
Dec-21,경의선,203,계양,8,0
Dec-21,경의선,204,검암,2,0
Dec-21,경춘선,205,신내,54287,51296
Dec-21,경춘선,206,갈매,81473,70587
Dec-21,경춘선,207,별내,90735,85412
Dec-21,경춘선,208,퇴계원,96972,88689
Dec-21,경춘선,209,사릉,89414,85828
Dec-21,경춘선,210,금곡,40150,38333
Dec-21,경춘선,211,평내호평,163587,159288
Dec-21,경춘선,212,천마산,44800,41852
Dec-21,경춘선,213,마석,103856,102521
Dec-21,경춘선,214,대성리,12951,11716
Dec-21,경춘선,215,청평,42146,41508
Dec-21,경춘선,216,상천,6420,6038
Dec-21,경춘선,217,가평,43131,43634
Dec-21,경춘선,218,굴봉산,3532,3928
Dec-21,경춘선,219,백양리,6239,5819
Dec-21,경춘선,220,강촌,11735,11686
Dec-21,경춘선,221,김유정,9082,9280
Dec-21,경춘선,222,남춘천,68115,69225
Dec-21,경춘선,223,춘천,37942,34225
Dec-21,수인선,341,고색,119250,112969
Dec-21,수인선,342,오목천,83490,76311
Dec-21,수인선,343,어천,20564,19998
Dec-21,수인선,344,야목,8671,6718
Dec-21,수인선,345,사리,123210,107621
Dec-21,수인선,346,달월,2624,1802
Dec-21,수인선,347,월곶,71622,67507
Dec-21,수인선,348,소래포구,141171,134410
Dec-21,수인선,349,인천논현,149008,158365
Dec-21,수인선,350,호구포,106775,109631
Dec-21,수인선,351,남동인더스파크,56490,62330
Dec-21,수인선,352,원인재,122192,126993
Dec-21,수인선,353,연수,124996,124435
Dec-21,수인선,354,송도,68150,64345
Dec-21,수인선,355,인하대,160705,150229
Dec-21,수인선,356,숭의,106354,99026
Dec-21,수인선,357,신포,48566,49166
Dec-21,수인선,358,인천,28668,45666
Dec-21,경강선,239,판교,127056,125816
Dec-21,경강선,240,이매,30384,25224
Dec-21,경강선,241,삼동,62647,57828
Dec-21,경강선,242,경기광주,203902,193625
Dec-21,경강선,243,초월,84339,80523
Dec-21,경강선,244,곤지암,62227,60811
Dec-21,경강선,245,신둔도예촌,39070,36731
Dec-21,경강선,246,이천,75208,78341
Dec-21,경강선,247,부발,59850,55315
Dec-21,경강선,248,세종대왕릉,8505,8365
Dec-21,경강선,249,여주,60656,61230
Dec-21,5호선,386,방화,180690,174984
Dec-21,5호선,387,개화산,148343,141559
Dec-21,5호선,388,김포공항,220215,208251
Dec-21,5호선,389,송정,179387,169676
Dec-21,5호선,390,마곡,274329,272514
Dec-21,5호선,391,발산,533537,550449
Dec-21,5호선,392,우장산,381038,376862
Dec-21,5호선,393,화곡,763039,711434
Dec-21,5호선,394,까치산,782881,753426
Dec-21,5호선,395,신정(은행정),368548,301534
Dec-21,5호선,396,목동,441239,475120
Dec-21,5호선,397,오목교(목동운동장앞),588661,630663
Dec-21,5호선,398,양평,194385,191997
Dec-21,5호선,399,영등포구청,97790,101124
Dec-21,5호선,400,영등포시장,271582,281057
Dec-21,5호선,401,신길,108754,117559
Dec-21,5호선,402,여의도,717377,744872
Dec-21,5호선,403,여의나루,226495,257294
Dec-21,5호선,404,마포,371488,381337
Dec-21,5호선,405,공덕,355988,379200
Dec-21,5호선,406,애오개,175750,176776
Dec-21,5호선,407,충정로(경기대입구),121449,122753
Dec-21,5호선,408,서대문,467532,472669
Dec-21,5호선,409,광화문(세종문화회관),778061,807701
Dec-21,5호선,410,종로3가,340817,338735
Dec-21,5호선,411,을지로4가,154338,157291
Dec-21,5호선,412,동대문역사문화공원(DDP),73000,85553
Dec-21,5호선,413,청구,105584,97237
Dec-21,5호선,414,신금호,171666,177834
Dec-21,5호선,415,행당,215161,192500
Dec-21,5호선,416,왕십리(성동구청),127457,145866
Dec-21,5호선,417,마장,152933,144529
Dec-21,5호선,418,답십리,428582,392401
Dec-21,5호선,419,장한평,490947,488665
Dec-21,5호선,420,군자(능동),306602,337015
Dec-21,5호선,421,아차산(어린이대공원후문),400298,386376
Dec-21,5호선,422,광나루(장신대),357309,331390
Dec-21,5호선,423,천호(풍납토성),510197,502520
Dec-21,5호선,424,강동,495546,471529
Dec-21,5호선,425,길동,218620,229498
Dec-21,5호선,426,굽은다리(강동구민회관앞),264743,254056
Dec-21,5호선,427,명일,232336,240441
Dec-21,5호선,428,고덕,255232,252586
Dec-21,5호선,429,상일동,407997,374245
Dec-21,5호선,430,둔촌동,232519,232911
Dec-21,5호선,431,올림픽공원(한국체대),119763,107487
Dec-21,5호선,432,방이,190582,196676
Dec-21,5호선,433,오금,98741,97517
Dec-21,5호선,434,개롱,172531,179989
Dec-21,5호선,435,거여,246122,234853
Dec-21,5호선,436,마천,184526,182565
Dec-21,5호선,437,강일,102811,102355
Dec-21,5호선,438,미사,431245,428131
Dec-21,5호선,439,하남풍산,112111,113368
Dec-21,5호선,440,하남시청(덕풍·신장),172242,169206
Dec-21,5호선,441,하남검단산,154042,148985
Dec-21,6호선,442,응암,474220,469342
Dec-21,6호선,443,역촌,105029,122630
Dec-21,6호선,444,불광,120242,115951
Dec-21,6호선,445,독바위,72485,77514
Dec-21,6호선,446,연신내,26,0
Dec-21,6호선,447,구산,206408,155261
Dec-21,6호선,448,새절(신사),340258,318125
Dec-21,6호선,449,증산(명지대앞),273482,270251
Dec-21,6호선,450,디지털미디어시티,352063,380969
Dec-21,6호선,451,월드컵경기장(성산),105825,113939
Dec-21,6호선,452,마포구청,387222,349396
Dec-21,6호선,453,망원,389337,420861
Dec-21,6호선,454,합정,366767,356619
Dec-21,6호선,455,상수,237216,268318
Dec-21,6호선,456,광흥창(서강),236154,229786
Dec-21,6호선,457,대흥(서강대앞),210013,215064
Dec-21,6호선,458,공덕,474616,459459
Dec-21,6호선,459,효창공원앞,185437,167339
Dec-21,6호선,460,삼각지,167620,146560
Dec-21,6호선,461,녹사평(용산구청),134843,137589
Dec-21,6호선,462,이태원,287934,304341
Dec-21,6호선,463,한강진,248712,284852
Dec-21,6호선,464,버티고개,52156,54141
Dec-21,6호선,465,약수,96230,95925
Dec-21,6호선,466,청구,99472,104122
Dec-21,6호선,467,신당,235303,238785
Dec-21,6호선,468,동묘앞,218167,220440
Dec-21,6호선,469,창신,93625,77650
Dec-21,6호선,470,보문,196834,180578
Dec-21,6호선,471,안암(고대병원앞),276823,272880
Dec-21,6호선,472,고려대(종암),208222,199375
Dec-21,6호선,473,월곡(동덕여대),303983,300668
Dec-21,6호선,474,상월곡(한국과학기술연구원),166029,147212
Dec-21,6호선,475,돌곶이,249317,232427
Dec-21,6호선,476,석계,328874,339848
Dec-21,6호선,477,태릉입구,146992,159064
Dec-21,6호선,478,화랑대(서울여대입구),307282,242578
Dec-21,6호선,479,봉화산(서울의료원),232697,218504
Dec-21,6호선,480,신내,8,0
Dec-21,7호선,481,장암,60394,25476
Dec-21,7호선,482,도봉산,246864,288282
Dec-21,7호선,483,수락산,342425,334101
Dec-21,7호선,484,마들,343833,327092
Dec-21,7호선,485,노원,537791,559309
Dec-21,7호선,486,중계,377622,344304
Dec-21,7호선,487,하계,473880,445072
Dec-21,7호선,488,공릉(서울과학기술대),325063,321706
Dec-21,7호선,489,태릉입구,228452,214727
Dec-21,7호선,490,먹골,276534,270133
Dec-21,7호선,491,중화,293996,288275
Dec-21,7호선,492,상봉(시외버스터미널),464753,437400
Dec-21,7호선,493,면목,433079,424072
Dec-21,7호선,494,사가정,437772,436124
Dec-21,7호선,495,용마산(용마폭포공원),164357,159400
Dec-21,7호선,496,중곡,293684,276145
Dec-21,7호선,497,군자(능동),402774,323122
Dec-21,7호선,498,어린이대공원(세종대),327876,324047
Dec-21,7호선,499,건대입구,347030,358238
Dec-21,7호선,500,뚝섬유원지,197722,192384
Dec-21,7호선,501,청담,500121,561234
Dec-21,7호선,502,강남구청,430896,472676
Dec-21,7호선,503,학동,620344,657841
Dec-21,7호선,504,논현,522257,571142
Dec-21,7호선,505,반포,156824,150616
Dec-21,7호선,506,고속터미널,435992,363155
Dec-21,7호선,507,내방,374944,382495
Dec-21,7호선,508,이수,425365,411845
Dec-21,7호선,509,남성,297504,277980
Dec-21,7호선,510,숭실대입구(살피재),331832,334335
Dec-21,7호선,511,상도,281936,271361
Dec-21,7호선,512,장승배기,252576,247635
Dec-21,7호선,513,신대방삼거리,442740,423115
Dec-21,7호선,514,보라매,261486,257718
Dec-21,7호선,515,신풍,310037,296441
Dec-21,7호선,516,대림(구로구청),224854,226757
Dec-21,7호선,517,남구로,415892,435752
Dec-21,7호선,518,가산디지털단지,1144630,1127758
Dec-21,7호선,519,철산,569673,585009
Dec-21,7호선,520,광명사거리,611155,602878
Dec-21,7호선,521,천왕,303512,287677
Dec-21,7호선,522,온수(성공회대입구),275041,255541
Dec-21,7호선,523,까치울,206632,199234
Dec-21,7호선,524,부천종합운동장,133967,117937
Dec-21,7호선,525,춘의,262440,257146
Dec-21,7호선,526,신중동,384723,384389
Dec-21,7호선,527,부천시청,355208,353826
Dec-21,7호선,528,상동,364141,378757
Dec-21,7호선,529,삼산체육관,145868,133017
Dec-21,7호선,530,굴포천,251690,262950
Dec-21,7호선,531,부평구청,198789,178490
Dec-21,8호선,532,암사,506279,449361
Dec-21,8호선,533,천호(풍납토성),416377,479367
Dec-21,8호선,534,강동구청,279370,289042
Dec-21,8호선,535,몽촌토성(평화의문),167322,170248
Dec-21,8호선,536,잠실(송파구청),416375,489516
Dec-21,8호선,537,석촌,214039,247737
Dec-21,8호선,538,송파,203481,205280
Dec-21,8호선,539,가락시장,204630,226949
Dec-21,8호선,540,문정,552853,577751
Dec-21,8호선,541,장지,470444,454365
Dec-21,8호선,542,복정,283330,243347
Dec-21,8호선,543,산성,151148,151365
Dec-21,8호선,544,남한산성입구(성남법원.검찰청),371799,336879
Dec-21,8호선,545,단대오거리,283526,275106
Dec-21,8호선,546,신흥,119925,129685
Dec-21,8호선,547,수진,145696,132660
Dec-21,8호선,548,모란,126099,100040
Dec-21,8호선,549,남위례,40542,45447
Dec-21,9호선,618,개화,64288,46544
Dec-21,9호선,619,김포공항,222199,351512
Dec-21,9호선,620,공항시장,81483,87938
Dec-21,9호선,621,신방화,185425,179698
Dec-21,9호선,622,마곡나루(서울식물원),310309,307067
Dec-21,9호선,623,양천향교,253940,257284
Dec-21,9호선,624,가양,544552,527052
Dec-21,9호선,625,증미,191349,189709
Dec-21,9호선,626,등촌,308690,302161
Dec-21,9호선,627,염창,459529,443619
Dec-21,9호선,628,신목동,105320,93300
Dec-21,9호선,629,선유도,223067,213963
Dec-21,9호선,630,당산,483307,480722
Dec-21,9호선,631,국회의사당,402019,411808
Dec-21,9호선,632,여의도,688718,655474
Dec-21,9호선,633,샛강,146272,154459
Dec-21,9호선,634,노량진,709077,686230
Dec-21,9호선,635,노들,119750,101825
Dec-21,9호선,636,흑석(중앙대입구),209524,217855
Dec-21,9호선,637,동작(현충원),49300,39473
Dec-21,9호선,638,구반포,43326,44983
Dec-21,9호선,639,신반포,88018,86736
Dec-21,9호선,640,고속터미널,344745,453603
Dec-21,9호선,641,사평,92848,91307
Dec-21,9호선,642,신논현,869622,866056
Dec-21,공항철도 1호선,656,서울역,227744,214119
Dec-21,공항철도 1호선,657,공덕,60487,81505
Dec-21,공항철도 1호선,658,홍대입구,287882,291623
Dec-21,공항철도 1호선,659,디지털미디어시티,342956,314673
Dec-21,공항철도 1호선,660,마곡나루(서울식물원),202043,197196
Dec-21,공항철도 1호선,661,김포공항,350852,196991
Dec-21,공항철도 1호선,662,계양,269263,253525
Dec-21,공항철도 1호선,663,검암,180004,177661
Dec-21,공항철도 1호선,664,청라국제도시,178158,168493
Dec-21,공항철도 1호선,665,운서,186380,186934
Dec-21,공항철도 1호선,666,공항화물청사,60807,65840
Dec-21,공항철도 1호선,667,인천공항1터미널,111935,118450
Dec-21,공항철도 1호선,668,인천공항2터미널,64720,61914
Dec-21,공항철도 1호선,669,영종,83147,83633
Dec-21,9호선2~3단계,643,언주,281211,285968
Dec-21,9호선2~3단계,644,선정릉,244529,268463
Dec-21,9호선2~3단계,645,삼성중앙,171088,180193
Dec-21,9호선2~3단계,646,봉은사,458067,473006
Dec-21,9호선2~3단계,647,종합운동장,110876,107934
Dec-21,9호선2~3단계,648,삼전,186757,180850
Dec-21,9호선2~3단계,649,석촌고분,165169,163571
Dec-21,9호선2~3단계,650,석촌,227920,200119
Dec-21,9호선2~3단계,651,송파나루,140890,150363
Dec-21,9호선2~3단계,652,한성백제,68693,62275
Dec-21,9호선2~3단계,653,올림픽공원(한국체대),197665,193007
Dec-21,9호선2~3단계,654,둔촌오륜,30608,28665
Dec-21,9호선2~3단계,655,중앙보훈병원,263745,233297
Dec-21,우이신설선,713,북한산우이,76806,70898
Dec-21,우이신설선,714,솔밭공원,65729,62707
Dec-21,우이신설선,715,4.19민주묘지,76995,72576
Dec-21,우이신설선,716,가오리,110011,108434
Dec-21,우이신설선,717,화계,91530,85751
Dec-21,우이신설선,718,삼양,55187,58679
Dec-21,우이신설선,719,삼양사거리,66532,66982
Dec-21,우이신설선,720,솔샘,154156,143618
Dec-21,우이신설선,721,북한산보국문,162606,153956
Dec-21,우이신설선,722,정릉,124880,113381
Dec-21,우이신설선,723,성신여대입구(돈암),91571,101326
Dec-21,우이신설선,724,보문,41012,41211
Dec-21,우이신설선,725,신설동,55769,54272
